areaName,areaCode,year,month,Quarter,day,WorkingDay,FirstDose,SecondDose,ThirdDose,Booster
England,E92000001,2022,5,Q2,Mon,Yes,3034,3857,8747,1
England,E92000001,2022,5,Q2,Sun,No,5331,3330,4767,0
England,E92000001,2022,5,Q2,Sat,No,13852,9759,12335,0
England,E92000001,2022,5,Q2,Fri,Yes,5818,5529,10692,0
England,E92000001,2022,5,Q2,Thu,Yes,8439,6968,11701,0
England,E92000001,2022,5,Q2,Wed,Yes,4955,5247,11219,1
England,E92000001,2022,5,Q2,Tue,Yes,4821,5309,11361,1
England,E92000001,2022,5,Q2,Mon,Yes,4337,4893,10343,1
England,E92000001,2022,5,Q2,Sun,No,8513,4546,6080,0
England,E92000001,2022,5,Q2,Sat,No,17404,11423,13473,0
England,E92000001,2022,5,Q2,Fri,Yes,6776,6330,11078,0
England,E92000001,2022,5,Q2,Thu,Yes,6829,6541,11794,0
England,E92000001,2022,5,Q2,Wed,Yes,5973,7033,12355,1
England,E92000001,2022,5,Q2,Tue,Yes,6160,7064,12026,1
England,E92000001,2022,5,Q2,Mon,Yes,5101,6624,10965,1
England,E92000001,2022,5,Q2,Sun,No,9085,5912,6736,0
England,E92000001,2022,5,Q2,Sat,No,20794,13514,15447,0
England,E92000001,2022,5,Q2,Fri,Yes,8687,8371,13313,0
England,E92000001,2022,5,Q2,Thu,Yes,7539,6703,12546,0
England,E92000001,2022,5,Q2,Wed,Yes,8465,7615,14976,0
England,E92000001,2022,5,Q2,Tue,Yes,6351,5419,10917,0
England,E92000001,2022,5,Q2,Mon,Yes,5043,2246,3193,0
England,E92000001,2022,5,Q2,Sun,No,10284,5140,5937,0
England,E92000001,2022,4,Q2,Sat,No,24522,13377,15783,0
England,E92000001,2022,4,Q2,Fri,Yes,10572,8313,13618,0
England,E92000001,2022,4,Q2,Thu,Yes,9042,7014,13136,0
England,E92000001,2022,4,Q2,Wed,Yes,8815,7239,14016,0
England,E92000001,2022,4,Q2,Tue,Yes,8338,7386,12490,0
England,E92000001,2022,4,Q2,Mon,Yes,7897,6803,11920,0
England,E92000001,2022,4,Q2,Sun,No,12367,6926,8057,0
England,E92000001,2022,4,Q2,Sat,No,27649,15265,17742,0
England,E92000001,2022,4,Q2,Fri,Yes,14007,8940,12866,0
England,E92000001,2022,4,Q2,Thu,Yes,15770,9201,13812,0
England,E92000001,2022,4,Q2,Wed,Yes,13295,9559,14825,0
England,E92000001,2022,4,Q2,Tue,Yes,13633,9679,14006,0
England,E92000001,2022,4,Q2,Mon,Yes,5737,3181,3957,0
England,E92000001,2022,4,Q2,Sun,No,3810,2126,2287,0
England,E92000001,2022,4,Q2,Sat,No,15987,10134,10344,0
England,E92000001,2022,4,Q2,Fri,Yes,10649,4577,4498,0
England,E92000001,2022,4,Q2,Thu,Yes,20906,11444,15788,0
England,E92000001,2022,4,Q2,Wed,Yes,17590,11180,15148,0
England,E92000001,2022,4,Q2,Tue,Yes,15754,10085,14674,0
England,E92000001,2022,4,Q2,Mon,Yes,14014,10497,14275,0
England,E92000001,2022,4,Q2,Sun,No,11149,7601,8534,0
England,E92000001,2022,4,Q2,Sat,No,20153,14261,16426,0
England,E92000001,2022,4,Q2,Fri,Yes,9726,10350,14373,1
England,E92000001,2022,4,Q2,Thu,Yes,8963,9272,13339,1
England,E92000001,2022,4,Q2,Wed,Yes,8785,8949,13256,1
England,E92000001,2022,4,Q2,Tue,Yes,8922,8863,12421,0
England,E92000001,2022,4,Q2,Mon,Yes,8576,9319,12831,1
England,E92000001,2022,4,Q2,Sun,No,3363,7593,7592,0
England,E92000001,2022,4,Q2,Sat,No,5917,15162,15107,0
England,E92000001,2022,4,Q2,Fri,Yes,3796,10104,12742,1
England,E92000001,2022,3,Q1,Thu,Yes,3530,10881,13692,1
England,E92000001,2022,3,Q1,Wed,Yes,3503,11249,14052,1
England,E92000001,2022,3,Q1,Tue,Yes,3559,10148,12642,1
England,E92000001,2022,3,Q1,Mon,Yes,2994,9500,11974,1
England,E92000001,2022,3,Q1,Sun,No,2363,6781,6366,0
England,E92000001,2022,3,Q1,Sat,No,5791,17315,16037,0
England,E92000001,2022,3,Q1,Fri,Yes,3654,11943,14656,1
England,E92000001,2022,3,Q1,Thu,Yes,3462,10559,13816,1
England,E92000001,2022,3,Q1,Wed,Yes,3959,11415,15188,1
England,E92000001,2022,3,Q1,Tue,Yes,3080,10609,14986,1
England,E92000001,2022,3,Q1,Mon,Yes,2925,10889,14144,1
England,E92000001,2022,3,Q1,Sun,No,2792,8661,9351,1
England,E92000001,2022,3,Q1,Sat,No,6006,18001,18959,1
England,E92000001,2022,3,Q1,Fri,Yes,3517,13116,16287,1
England,E92000001,2022,3,Q1,Thu,Yes,3358,12310,14950,1
England,E92000001,2022,3,Q1,Wed,Yes,3653,13339,16338,1
England,E92000001,2022,3,Q1,Tue,Yes,3820,13159,16133,1
England,E92000001,2022,3,Q1,Mon,Yes,3030,11844,15098,1
England,E92000001,2022,3,Q1,Sun,No,3396,9607,10403,1
England,E92000001,2022,3,Q1,Sat,No,7487,18831,20526,1
England,E92000001,2022,3,Q1,Fri,Yes,4084,13651,17945,1
England,E92000001,2022,3,Q1,Thu,Yes,4116,12646,16212,1
England,E92000001,2022,3,Q1,Wed,Yes,4552,13333,16263,1
England,E92000001,2022,3,Q1,Tue,Yes,3914,12529,14898,1
England,E92000001,2022,3,Q1,Mon,Yes,3966,11688,14466,1
England,E92000001,2022,3,Q1,Sun,No,3378,8405,10301,1
England,E92000001,2022,3,Q1,Sat,No,7383,17009,21300,1
England,E92000001,2022,3,Q1,Fri,Yes,5755,14965,18663,1
England,E92000001,2022,3,Q1,Thu,Yes,5760,16370,25684,1
England,E92000001,2022,3,Q1,Wed,Yes,6756,12978,17386,1
England,E92000001,2022,3,Q1,Tue,Yes,5166,13312,16080,1
England,E92000001,2022,2,Q1,Mon,Yes,5095,12964,17065,1
England,E92000001,2022,2,Q1,Sun,No,3879,9107,11934,1
England,E92000001,2022,2,Q1,Sat,No,8259,17701,23235,1
England,E92000001,2022,2,Q1,Fri,Yes,7068,14498,20930,1
England,E92000001,2022,2,Q1,Thu,Yes,7066,14301,19624,1
England,E92000001,2022,2,Q1,Wed,Yes,8063,16271,21184,1
England,E92000001,2022,2,Q1,Tue,Yes,7503,16106,21337,1
England,E92000001,2022,2,Q1,Mon,Yes,6376,14421,19416,1
England,E92000001,2022,2,Q1,Sun,No,4371,8651,10892,1
England,E92000001,2022,2,Q1,Sat,No,9637,18189,23946,1
England,E92000001,2022,2,Q1,Fri,Yes,5160,12686,17395,1
England,E92000001,2022,2,Q1,Thu,Yes,8110,19082,24539,1
England,E92000001,2022,2,Q1,Wed,Yes,9896,19863,25260,1
England,E92000001,2022,2,Q1,Tue,Yes,8127,17370,24267,1
England,E92000001,2022,2,Q1,Mon,Yes,7095,16416,21853,1
England,E92000001,2022,2,Q1,Sun,No,5847,11047,14378,1
England,E92000001,2022,2,Q1,Sat,No,13647,23768,33560,1
England,E92000001,2022,2,Q1,Fri,Yes,9858,23641,31678,1
England,E92000001,2022,2,Q1,Thu,Yes,9989,23910,24703,1
England,E92000001,2022,2,Q1,Wed,Yes,10207,23277,23711,1
England,E92000001,2022,2,Q1,Tue,Yes,9731,23156,23517,1
England,E92000001,2022,2,Q1,Mon,Yes,8920,21249,23853,1
England,E92000001,2022,2,Q1,Sun,No,6030,14047,14954,1
England,E92000001,2022,2,Q1,Sat,No,11946,25454,31901,1
England,E92000001,2022,2,Q1,Fri,Yes,13583,26493,30007,1
England,E92000001,2022,2,Q1,Thu,Yes,11780,24026,29975,1
England,E92000001,2022,2,Q1,Wed,Yes,11084,25034,29805,1
England,E92000001,2022,2,Q1,Tue,Yes,11152,24192,29596,1
England,E92000001,2022,1,Q1,Mon,Yes,10282,20875,31547,1
England,E92000001,2022,1,Q1,Sun,No,10058,22711,26722,1
England,E92000001,2022,1,Q1,Sat,No,16477,34382,46367,1
England,E92000001,2022,1,Q1,Fri,Yes,15185,30250,44732,1
England,E92000001,2022,1,Q1,Thu,Yes,13989,26326,42450,1
England,E92000001,2022,1,Q1,Wed,Yes,13789,27307,43835,1
England,E92000001,2022,1,Q1,Tue,Yes,12356,24300,43353,1
England,E92000001,2022,1,Q1,Mon,Yes,14931,24288,45199,1
England,E92000001,2022,1,Q1,Sun,No,10514,24326,31966,1
England,E92000001,2022,1,Q1,Sat,No,18308,38632,60732,1
England,E92000001,2022,1,Q1,Fri,Yes,16025,29798,56634,1
England,E92000001,2022,1,Q1,Thu,Yes,15285,27069,49087,1
England,E92000001,2022,1,Q1,Wed,Yes,15408,25720,50791,1
England,E92000001,2022,1,Q1,Tue,Yes,16010,25145,57675,1
England,E92000001,2022,1,Q1,Mon,Yes,13819,21951,54649,1
England,E92000001,2022,1,Q1,Sun,No,15345,24095,45923,1
England,E92000001,2022,1,Q1,Sat,No,25451,39142,90122,1
England,E92000001,2022,1,Q1,Fri,Yes,18405,25243,85517,1
England,E92000001,2022,1,Q1,Thu,Yes,18101,26550,87221,1
England,E92000001,2022,1,Q1,Wed,Yes,17112,25076,96154,1
England,E92000001,2022,1,Q1,Tue,Yes,16827,23179,108219,1
England,E92000001,2022,1,Q1,Mon,Yes,15755,21442,116227,1
England,E92000001,2022,1,Q1,Sun,No,19373,25539,109898,1
England,E92000001,2022,1,Q1,Sat,No,29231,41351,206676,1
England,E92000001,2022,1,Q1,Fri,Yes,20352,27800,180813,1
England,E92000001,2022,1,Q1,Thu,Yes,20102,26799,188716,1
England,E92000001,2022,1,Q1,Wed,Yes,22233,29779,199810,1
England,E92000001,2022,1,Q1,Tue,Yes,22307,33056,187298,1
England,E92000001,2022,1,Q1,Mon,Yes,17260,22166,117336,1
England,E92000001,2022,1,Q1,Sun,No,11797,15604,103407,1
England,E92000001,2022,1,Q1,Sat,No,2203,2684,17875,1
England,E92000001,2021,12,Q4,Fri,Yes,14380,19266,138936,1
England,E92000001,2021,12,Q4,Thu,Yes,30432,39755,320532,1
England,E92000001,2021,12,Q4,Wed,Yes,30008,39346,345462,1
England,E92000001,2021,12,Q4,Tue,Yes,21549,26626,258399,1
England,E92000001,2021,12,Q4,Mon,Yes,15766,18686,209626,1
England,E92000001,2021,12,Q4,Sun,No,1809,1991,20278,1
England,E92000001,2021,12,Q4,Sat,No,955,916,10477,0
England,E92000001,2021,12,Q4,Fri,Yes,10452,13540,153690,1
England,E92000001,2021,12,Q4,Thu,Yes,29980,39323,493033,1
England,E92000001,2021,12,Q4,Wed,Yes,35657,47314,695273,1
England,E92000001,2021,12,Q4,Tue,Yes,36309,48491,809192,1
England,E92000001,2021,12,Q4,Mon,Yes,36092,44655,753793,1
England,E92000001,2021,12,Q4,Sun,No,30298,36136,726195,1
England,E92000001,2021,12,Q4,Sat,No,35141,41112,830403,1
England,E92000001,2021,12,Q4,Fri,Yes,29563,37693,740775,1
England,E92000001,2021,12,Q4,Thu,Yes,29554,37626,739867,1
England,E92000001,2021,12,Q4,Wed,Yes,24607,33399,626846,1
England,E92000001,2021,12,Q4,Tue,Yes,30807,33130,548039,1
England,E92000001,2021,12,Q4,Mon,Yes,19270,25394,418544,1
England,E92000001,2021,12,Q4,Sun,No,19197,24900,333866,1
England,E92000001,2021,12,Q4,Sat,No,23546,34061,483361,1
England,E92000001,2021,12,Q4,Fri,Yes,19343,28294,362502,1
England,E92000001,2021,12,Q4,Thu,Yes,20751,29840,396278,1
England,E92000001,2021,12,Q4,Wed,Yes,18337,25110,340615,1
England,E92000001,2021,12,Q4,Tue,Yes,19228,23206,319214,1
England,E92000001,2021,12,Q4,Mon,Yes,17537,21622,268062,1
England,E92000001,2021,12,Q4,Sun,No,16008,20872,221674,1
England,E92000001,2021,12,Q4,Sat,No,24789,34276,412755,1
England,E92000001,2021,12,Q4,Fri,Yes,20806,26469,332834,1
England,E92000001,2021,12,Q4,Thu,Yes,22731,26919,353104,1
England,E92000001,2021,12,Q4,Wed,Yes,22406,28070,341121,1
England,E92000001,2021,11,Q4,Tue,Yes,27138,27933,325881,1
England,E92000001,2021,11,Q4,Mon,Yes,19496,22601,258944,1
England,E92000001,2021,11,Q4,Sun,No,15301,22482,223189,1
England,E92000001,2021,11,Q4,Sat,No,21362,30616,419657,1
England,E92000001,2021,11,Q4,Fri,Yes,19098,21923,320981,1
England,E92000001,2021,11,Q4,Thu,Yes,20677,19615,334749,0
England,E92000001,2021,11,Q4,Wed,Yes,21775,20048,315306,0
England,E92000001,2021,11,Q4,Tue,Yes,23445,18562,301034,0
England,E92000001,2021,11,Q4,Mon,Yes,20665,15567,249999,0
England,E92000001,2021,11,Q4,Sun,No,14066,11240,189138,0
England,E92000001,2021,11,Q4,Sat,No,23350,21592,412685,0
England,E92000001,2021,11,Q4,Fri,Yes,24413,18723,305470,0
England,E92000001,2021,11,Q4,Thu,Yes,24034,17429,318203,0
England,E92000001,2021,11,Q4,Wed,Yes,28332,18511,314138,0
England,E92000001,2021,11,Q4,Tue,Yes,27258,16897,282808,0
England,E92000001,2021,11,Q4,Mon,Yes,27672,15525,232248,0
England,E92000001,2021,11,Q4,Sun,No,18296,11959,176724,0
England,E92000001,2021,11,Q4,Sat,No,30618,22806,411430,0
England,E92000001,2021,11,Q4,Fri,Yes,31649,19229,299597,0
England,E92000001,2021,11,Q4,Thu,Yes,34640,19560,305139,0
England,E92000001,2021,11,Q4,Wed,Yes,115551,43996,465913,0
England,E92000001,2021,11,Q4,Tue,Yes,36321,18208,278763,0
England,E92000001,2021,11,Q4,Mon,Yes,30386,17398,222489,0
England,E92000001,2021,11,Q4,Sun,No,22430,11202,166959,0
England,E92000001,2021,11,Q4,Sat,No,33721,22869,371339,0
England,E92000001,2021,11,Q4,Fri,Yes,40573,19037,266470,0
England,E92000001,2021,11,Q4,Thu,Yes,40075,17167,274443,0
England,E92000001,2021,11,Q4,Wed,Yes,42413,17374,267772,0
England,E92000001,2021,11,Q4,Tue,Yes,43508,17807,246266,0
England,E92000001,2021,11,Q4,Mon,Yes,34642,15751,196712,0
England,E92000001,2021,10,Q4,Sun,No,22954,11464,131261,0
England,E92000001,2021,10,Q4,Sat,No,31157,22479,330445,0
England,E92000001,2021,10,Q4,Fri,Yes,36561,19175,238142,0
England,E92000001,2021,10,Q4,Thu,Yes,39397,19586,247995,0
England,E92000001,2021,10,Q4,Wed,Yes,39964,18740,236580,0
England,E92000001,2021,10,Q4,Tue,Yes,35780,19499,217396,0
England,E92000001,2021,10,Q4,Mon,Yes,32032,18251,188412,0
England,E92000001,2021,10,Q4,Sun,No,19607,14138,138088,0
England,E92000001,2021,10,Q4,Sat,No,32220,27527,325140,0
England,E92000001,2021,10,Q4,Fri,Yes,41732,22423,248183,0
England,E92000001,2021,10,Q4,Thu,Yes,44558,22027,255406,0
England,E92000001,2021,10,Q4,Wed,Yes,44521,21701,223816,0
England,E92000001,2021,10,Q4,Tue,Yes,38533,21141,199008,0
England,E92000001,2021,10,Q4,Mon,Yes,35334,20668,150296,0
England,E92000001,2021,10,Q4,Sun,No,9839,14545,99308,1
England,E92000001,2021,10,Q4,Sat,No,19735,30440,285730,1
England,E92000001,2021,10,Q4,Fri,Yes,35884,25380,198085,0
England,E92000001,2021,10,Q4,Thu,Yes,38185,23489,214287,0
England,E92000001,2021,10,Q4,Wed,Yes,32315,24828,190698,0
England,E92000001,2021,10,Q4,Tue,Yes,30636,22447,160010,0
England,E92000001,2021,10,Q4,Mon,Yes,23232,20350,121718,0
England,E92000001,2021,10,Q4,Sun,No,9111,15643,91878,1
England,E92000001,2021,10,Q4,Sat,No,18438,29751,250078,1
England,E92000001,2021,10,Q4,Fri,Yes,25536,25006,172645,0
England,E92000001,2021,10,Q4,Thu,Yes,25319,24208,176054,0
England,E92000001,2021,10,Q4,Wed,Yes,24519,24135,160387,0
England,E92000001,2021,10,Q4,Tue,Yes,35193,24253,154143,0
England,E92000001,2021,10,Q4,Mon,Yes,30784,24746,122358,0
England,E92000001,2021,10,Q4,Sun,No,10720,17502,88233,1
England,E92000001,2021,10,Q4,Sat,No,18736,30849,193759,1
England,E92000001,2021,10,Q4,Fri,Yes,31978,29993,153160,0
England,E92000001,2021,9,Q3,Thu,Yes,28689,30318,,0
Northern Ireland,N92000002,2022,5,Q2,Mon,Yes,0,18,2515,1
Northern Ireland,N92000002,2022,5,Q2,Sun,No,97,247,689,1
Northern Ireland,N92000002,2022,5,Q2,Sat,No,109,345,1787,1
Northern Ireland,N92000002,2022,5,Q2,Fri,Yes,64,206,3576,1
Northern Ireland,N92000002,2022,5,Q2,Thu,Yes,90,240,5424,1
Northern Ireland,N92000002,2022,5,Q2,Wed,Yes,43,116,4368,1
Northern Ireland,N92000002,2022,5,Q2,Tue,Yes,38,103,4754,1
Northern Ireland,N92000002,2022,5,Q2,Mon,Yes,19,84,3605,1
Northern Ireland,N92000002,2022,5,Q2,Sun,No,139,320,773,1
Northern Ireland,N92000002,2022,5,Q2,Sat,No,138,429,1293,1
Northern Ireland,N92000002,2022,5,Q2,Fri,Yes,51,168,4278,1
Northern Ireland,N92000002,2022,5,Q2,Thu,Yes,58,204,6513,1
Northern Ireland,N92000002,2022,5,Q2,Wed,Yes,53,154,6812,1
Northern Ireland,N92000002,2022,5,Q2,Tue,Yes,60,179,6555,1
Northern Ireland,N92000002,2022,5,Q2,Mon,Yes,61,124,5312,1
Northern Ireland,N92000002,2022,5,Q2,Sun,No,128,299,842,1
Northern Ireland,N92000002,2022,5,Q2,Sat,No,110,385,3738,1
Northern Ireland,N92000002,2022,5,Q2,Fri,Yes,119,203,4381,1
Northern Ireland,N92000002,2022,5,Q2,Thu,Yes,81,222,6441,1
Northern Ireland,N92000002,2022,5,Q2,Wed,Yes,15,183,6541,1
Northern Ireland,N92000002,2022,5,Q2,Tue,Yes,0,123,3674,1
Northern Ireland,N92000002,2022,5,Q2,Mon,Yes,18,105,635,1
Northern Ireland,N92000002,2022,5,Q2,Sun,No,138,330,633,1
Northern Ireland,N92000002,2022,4,Q2,Sat,No,198,453,1393,1
Northern Ireland,N92000002,2022,4,Q2,Fri,Yes,94,224,3813,1
Northern Ireland,N92000002,2022,4,Q2,Thu,Yes,50,303,6974,1
Northern Ireland,N92000002,2022,4,Q2,Wed,Yes,185,282,7458,1
Northern Ireland,N92000002,2022,4,Q2,Tue,Yes,0,82,5659,1
Northern Ireland,N92000002,2022,4,Q2,Mon,Yes,64,102,2170,1
Northern Ireland,N92000002,2022,4,Q2,Sun,No,159,443,1147,1
Northern Ireland,N92000002,2022,4,Q2,Sat,No,259,473,804,1
Northern Ireland,N92000002,2022,4,Q2,Fri,Yes,157,347,1568,1
Northern Ireland,N92000002,2022,4,Q2,Thu,Yes,102,229,1478,1
Northern Ireland,N92000002,2022,4,Q2,Wed,Yes,191,428,1321,1
Northern Ireland,N92000002,2022,4,Q2,Tue,Yes,34,153,297,1
Northern Ireland,N92000002,2022,4,Q2,Mon,Yes,14,53,166,1
Northern Ireland,N92000002,2022,4,Q2,Sun,No,0,0,0,0
Northern Ireland,N92000002,2022,4,Q2,Sat,No,126,254,456,1
Northern Ireland,N92000002,2022,4,Q2,Fri,Yes,163,292,900,1
Northern Ireland,N92000002,2022,4,Q2,Thu,Yes,163,289,1345,1
Northern Ireland,N92000002,2022,4,Q2,Wed,Yes,149,290,1670,1
Northern Ireland,N92000002,2022,4,Q2,Tue,Yes,50,133,1040,1
Northern Ireland,N92000002,2022,4,Q2,Mon,Yes,33,110,647,1
Northern Ireland,N92000002,2022,4,Q2,Sun,No,239,382,426,1
Northern Ireland,N92000002,2022,4,Q2,Sat,No,176,343,540,1
Northern Ireland,N92000002,2022,4,Q2,Fri,Yes,120,202,800,1
Northern Ireland,N92000002,2022,4,Q2,Thu,Yes,127,301,878,1
Northern Ireland,N92000002,2022,4,Q2,Wed,Yes,129,249,602,1
Northern Ireland,N92000002,2022,4,Q2,Tue,Yes,48,125,486,1
Northern Ireland,N92000002,2022,4,Q2,Mon,Yes,56,73,364,1
Northern Ireland,N92000002,2022,4,Q2,Sun,No,216,397,509,1
Northern Ireland,N92000002,2022,4,Q2,Sat,No,203,428,606,1
Northern Ireland,N92000002,2022,4,Q2,Fri,Yes,138,304,746,1
Northern Ireland,N92000002,2022,3,Q1,Thu,Yes,97,251,525,1
Northern Ireland,N92000002,2022,3,Q1,Wed,Yes,99,334,638,1
Northern Ireland,N92000002,2022,3,Q1,Tue,Yes,28,208,391,1
Northern Ireland,N92000002,2022,3,Q1,Mon,Yes,78,100,451,1
Northern Ireland,N92000002,2022,3,Q1,Sun,No,201,273,320,1
Northern Ireland,N92000002,2022,3,Q1,Sat,No,175,415,490,1
Northern Ireland,N92000002,2022,3,Q1,Fri,Yes,125,228,765,1
Northern Ireland,N92000002,2022,3,Q1,Thu,Yes,57,141,462,1
Northern Ireland,N92000002,2022,3,Q1,Wed,Yes,136,249,899,1
Northern Ireland,N92000002,2022,3,Q1,Tue,Yes,104,291,998,1
Northern Ireland,N92000002,2022,3,Q1,Mon,Yes,57,103,878,1
Northern Ireland,N92000002,2022,3,Q1,Sun,No,204,299,330,1
Northern Ireland,N92000002,2022,3,Q1,Sat,No,185,326,414,1
Northern Ireland,N92000002,2022,3,Q1,Fri,Yes,174,320,762,1
Northern Ireland,N92000002,2022,3,Q1,Thu,Yes,174,186,300,1
Northern Ireland,N92000002,2022,3,Q1,Wed,Yes,110,271,828,1
Northern Ireland,N92000002,2022,3,Q1,Tue,Yes,46,165,787,1
Northern Ireland,N92000002,2022,3,Q1,Mon,Yes,82,206,975,1
Northern Ireland,N92000002,2022,3,Q1,Sun,No,228,282,325,1
Northern Ireland,N92000002,2022,3,Q1,Sat,No,192,377,1135,1
Northern Ireland,N92000002,2022,3,Q1,Fri,Yes,108,225,682,1
Northern Ireland,N92000002,2022,3,Q1,Thu,Yes,158,302,836,1
Northern Ireland,N92000002,2022,3,Q1,Wed,Yes,93,234,990,1
Northern Ireland,N92000002,2022,3,Q1,Tue,Yes,128,235,674,1
Northern Ireland,N92000002,2022,3,Q1,Mon,Yes,104,235,739,1
Northern Ireland,N92000002,2022,3,Q1,Sun,No,255,262,386,1
Northern Ireland,N92000002,2022,3,Q1,Sat,No,230,337,525,1
Northern Ireland,N92000002,2022,3,Q1,Fri,Yes,361,435,1973,1
Northern Ireland,N92000002,2022,3,Q1,Thu,Yes,0,0,0,0
Northern Ireland,N92000002,2022,3,Q1,Wed,Yes,231,218,1224,0
Northern Ireland,N92000002,2022,3,Q1,Tue,Yes,109,314,850,1
Northern Ireland,N92000002,2022,2,Q1,Mon,Yes,101,242,925,1
Northern Ireland,N92000002,2022,2,Q1,Sun,No,217,490,618,1
Northern Ireland,N92000002,2022,2,Q1,Sat,No,169,444,734,1
Northern Ireland,N92000002,2022,2,Q1,Fri,Yes,138,283,1371,1
Northern Ireland,N92000002,2022,2,Q1,Thu,Yes,65,220,1292,1
Northern Ireland,N92000002,2022,2,Q1,Wed,Yes,114,259,1412,1
Northern Ireland,N92000002,2022,2,Q1,Tue,Yes,49,235,1344,1
Northern Ireland,N92000002,2022,2,Q1,Mon,Yes,80,151,829,1
Northern Ireland,N92000002,2022,2,Q1,Sun,No,170,388,598,1
Northern Ireland,N92000002,2022,2,Q1,Sat,No,222,434,911,1
Northern Ireland,N92000002,2022,2,Q1,Fri,Yes,169,567,1266,1
Northern Ireland,N92000002,2022,2,Q1,Thu,Yes,172,389,1702,1
Northern Ireland,N92000002,2022,2,Q1,Wed,Yes,148,425,2046,1
Northern Ireland,N92000002,2022,2,Q1,Tue,Yes,113,316,1652,1
Northern Ireland,N92000002,2022,2,Q1,Mon,Yes,127,318,1826,1
Northern Ireland,N92000002,2022,2,Q1,Sun,No,231,498,675,1
Northern Ireland,N92000002,2022,2,Q1,Sat,No,176,484,790,1
Northern Ireland,N92000002,2022,2,Q1,Fri,Yes,128,503,1680,1
Northern Ireland,N92000002,2022,2,Q1,Thu,Yes,485,730,2115,1
Northern Ireland,N92000002,2022,2,Q1,Wed,Yes,0,30,2035,1
Northern Ireland,N92000002,2022,2,Q1,Tue,Yes,179,231,1785,1
Northern Ireland,N92000002,2022,2,Q1,Mon,Yes,193,268,1906,1
Northern Ireland,N92000002,2022,2,Q1,Sun,No,404,474,1057,1
Northern Ireland,N92000002,2022,2,Q1,Sat,No,289,549,1245,1
Northern Ireland,N92000002,2022,2,Q1,Fri,Yes,238,395,1586,1
Northern Ireland,N92000002,2022,2,Q1,Thu,Yes,200,434,2057,1
Northern Ireland,N92000002,2022,2,Q1,Wed,Yes,168,436,1708,1
Northern Ireland,N92000002,2022,2,Q1,Tue,Yes,188,248,1746,1
Northern Ireland,N92000002,2022,1,Q1,Mon,Yes,159,262,1176,1
Northern Ireland,N92000002,2022,1,Q1,Sun,No,232,439,745,1
Northern Ireland,N92000002,2022,1,Q1,Sat,No,475,701,1318,1
Northern Ireland,N92000002,2022,1,Q1,Fri,Yes,262,451,1998,1
Northern Ireland,N92000002,2022,1,Q1,Thu,Yes,396,649,2406,1
Northern Ireland,N92000002,2022,1,Q1,Wed,Yes,309,601,2293,1
Northern Ireland,N92000002,2022,1,Q1,Tue,Yes,209,427,2142,1
Northern Ireland,N92000002,2022,1,Q1,Mon,Yes,207,347,1709,1
Northern Ireland,N92000002,2022,1,Q1,Sun,No,402,693,868,1
Northern Ireland,N92000002,2022,1,Q1,Sat,No,360,659,1129,1
Northern Ireland,N92000002,2022,1,Q1,Fri,Yes,461,698,3248,1
Northern Ireland,N92000002,2022,1,Q1,Thu,Yes,385,557,3892,1
Northern Ireland,N92000002,2022,1,Q1,Wed,Yes,183,630,4215,1
Northern Ireland,N92000002,2022,1,Q1,Tue,Yes,496,503,3956,1
Northern Ireland,N92000002,2022,1,Q1,Mon,Yes,577,501,4093,0
Northern Ireland,N92000002,2022,1,Q1,Sun,No,365,509,1313,1
Northern Ireland,N92000002,2022,1,Q1,Sat,No,429,567,2501,1
Northern Ireland,N92000002,2022,1,Q1,Fri,Yes,569,474,5116,0
Northern Ireland,N92000002,2022,1,Q1,Thu,Yes,782,634,5583,0
Northern Ireland,N92000002,2022,1,Q1,Wed,Yes,665,438,8193,0
Northern Ireland,N92000002,2022,1,Q1,Tue,Yes,623,425,6530,0
Northern Ireland,N92000002,2022,1,Q1,Mon,Yes,428,402,6748,0
Northern Ireland,N92000002,2022,1,Q1,Sun,No,973,,6867,0
Northern Ireland,N92000002,2022,1,Q1,Sat,No,0,0,0,0
Northern Ireland,N92000002,2022,1,Q1,Fri,Yes,641,539,7757,0
Northern Ireland,N92000002,2022,1,Q1,Thu,Yes,503,629,8899,1
Northern Ireland,N92000002,2022,1,Q1,Wed,Yes,3770,1801,6396,0
Northern Ireland,N92000002,2022,1,Q1,Tue,Yes,520,609,7010,1
Northern Ireland,N92000002,2022,1,Q1,Mon,Yes,401,421,4693,1
Northern Ireland,N92000002,2022,1,Q1,Sun,No,324,283,3251,0
Northern Ireland,N92000002,2022,1,Q1,Sat,No,71,68,979,0
Northern Ireland,N92000002,2021,12,Q4,Fri,Yes,92,161,3037,1
Northern Ireland,N92000002,2021,12,Q4,Thu,Yes,636,496,10975,0
Northern Ireland,N92000002,2021,12,Q4,Wed,Yes,496,558,10903,1
Northern Ireland,N92000002,2021,12,Q4,Tue,Yes,849,432,7777,0
Northern Ireland,N92000002,2021,12,Q4,Mon,Yes,591,279,6077,0
Northern Ireland,N92000002,2021,12,Q4,Sun,No,126,93,2705,0
Northern Ireland,N92000002,2021,12,Q4,Sat,No,0,1,2,1
Northern Ireland,N92000002,2021,12,Q4,Fri,Yes,40,23,2722,0
Northern Ireland,N92000002,2021,12,Q4,Thu,Yes,555,483,14948,0
Northern Ireland,N92000002,2021,12,Q4,Wed,Yes,1140,863,24424,0
Northern Ireland,N92000002,2021,12,Q4,Tue,Yes,792,1030,30803,1
Northern Ireland,N92000002,2021,12,Q4,Mon,Yes,1113,1123,29016,1
Northern Ireland,N92000002,2021,12,Q4,Sun,No,556,610,14758,1
Northern Ireland,N92000002,2021,12,Q4,Sat,No,578,569,10114,0
Northern Ireland,N92000002,2021,12,Q4,Fri,Yes,936,872,17068,0
Northern Ireland,N92000002,2021,12,Q4,Thu,Yes,982,1350,24100,1
Northern Ireland,N92000002,2021,12,Q4,Wed,Yes,1116,1186,27689,1
Northern Ireland,N92000002,2021,12,Q4,Tue,Yes,968,835,22522,0
Northern Ireland,N92000002,2021,12,Q4,Mon,Yes,1273,1216,22901,0
Northern Ireland,N92000002,2021,12,Q4,Sun,No,936,591,8150,0
Northern Ireland,N92000002,2021,12,Q4,Sat,No,561,539,6581,0
Northern Ireland,N92000002,2021,12,Q4,Fri,Yes,1055,847,11244,0
Northern Ireland,N92000002,2021,12,Q4,Thu,Yes,1541,973,13109,0
Northern Ireland,N92000002,2021,12,Q4,Wed,Yes,1626,1050,14389,0
Northern Ireland,N92000002,2021,12,Q4,Tue,Yes,1347,894,13486,0
Northern Ireland,N92000002,2021,12,Q4,Mon,Yes,1030,1051,10118,1
Northern Ireland,N92000002,2021,12,Q4,Sun,No,3154,2215,21846,0
Northern Ireland,N92000002,2021,12,Q4,Sat,No,0,0,0,0
Northern Ireland,N92000002,2021,12,Q4,Fri,Yes,941,749,6936,0
Northern Ireland,N92000002,2021,12,Q4,Thu,Yes,1614,1395,14753,0
Northern Ireland,N92000002,2021,12,Q4,Wed,Yes,1856,1262,16033,0
Northern Ireland,N92000002,2021,11,Q4,Tue,Yes,1774,1294,15124,0
Northern Ireland,N92000002,2021,11,Q4,Mon,Yes,1615,1304,15707,0
Northern Ireland,N92000002,2021,11,Q4,Sun,No,4815,3819,17199,0
Northern Ireland,N92000002,2021,11,Q4,Sat,No,0,0,0,0
Northern Ireland,N92000002,2021,11,Q4,Fri,Yes,0,0,0,0
Northern Ireland,N92000002,2021,11,Q4,Thu,Yes,1420,1286,13019,0
Northern Ireland,N92000002,2021,11,Q4,Wed,Yes,1542,1316,15323,0
Northern Ireland,N92000002,2021,11,Q4,Tue,Yes,1711,1173,16359,0
Northern Ireland,N92000002,2021,11,Q4,Mon,Yes,1350,1144,14512,0
Northern Ireland,N92000002,2021,11,Q4,Sun,No,558,740,6902,1
Northern Ireland,N92000002,2021,11,Q4,Sat,No,411,434,4609,1
Northern Ireland,N92000002,2021,11,Q4,Fri,Yes,982,702,9837,0
Northern Ireland,N92000002,2021,11,Q4,Thu,Yes,2473,940,15791,0
Northern Ireland,N92000002,2021,11,Q4,Wed,Yes,2760,1227,18090,0
Northern Ireland,N92000002,2021,11,Q4,Tue,Yes,1946,896,15225,0
Northern Ireland,N92000002,2021,11,Q4,Mon,Yes,2233,864,13566,0
Northern Ireland,N92000002,2021,11,Q4,Sun,No,1024,537,5190,0
Northern Ireland,N92000002,2021,11,Q4,Sat,No,485,297,5354,0
Northern Ireland,N92000002,2021,11,Q4,Fri,Yes,795,666,9728,0
Northern Ireland,N92000002,2021,11,Q4,Thu,Yes,2058,1332,13526,0
Northern Ireland,N92000002,2021,11,Q4,Wed,Yes,1810,1084,14947,0
Northern Ireland,N92000002,2021,11,Q4,Tue,Yes,1790,879,12269,0
Northern Ireland,N92000002,2021,11,Q4,Mon,Yes,1364,1131,10253,0
Northern Ireland,N92000002,2021,11,Q4,Sun,No,891,800,4200,0
Northern Ireland,N92000002,2021,11,Q4,Sat,No,517,364,5840,0
Northern Ireland,N92000002,2021,11,Q4,Fri,Yes,669,989,6254,1
Northern Ireland,N92000002,2021,11,Q4,Thu,Yes,1894,1247,9879,0
Northern Ireland,N92000002,2021,11,Q4,Wed,Yes,1089,547,10433,0
Northern Ireland,N92000002,2021,11,Q4,Tue,Yes,701,852,8730,1
Northern Ireland,N92000002,2021,11,Q4,Mon,Yes,474,844,7656,1
Northern Ireland,N92000002,2021,10,Q4,Sun,No,605,435,2824,0
Northern Ireland,N92000002,2021,10,Q4,Sat,No,807,550,2076,0
Northern Ireland,N92000002,2021,10,Q4,Fri,Yes,967,673,3767,0
Northern Ireland,N92000002,2021,10,Q4,Thu,Yes,1753,734,5058,0
Northern Ireland,N92000002,2021,10,Q4,Wed,Yes,1554,863,6786,0
Northern Ireland,N92000002,2021,10,Q4,Tue,Yes,1456,835,5915,0
Northern Ireland,N92000002,2021,10,Q4,Mon,Yes,950,773,5572,0
Northern Ireland,N92000002,2021,10,Q4,Sun,No,520,607,2633,1
Northern Ireland,N92000002,2021,10,Q4,Sat,No,751,530,2301,0
Northern Ireland,N92000002,2021,10,Q4,Fri,Yes,547,961,3609,1
Northern Ireland,N92000002,2021,10,Q4,Thu,Yes,411,1873,4407,1
Northern Ireland,N92000002,2021,10,Q4,Wed,Yes,365,1315,4014,1
Northern Ireland,N92000002,2021,10,Q4,Tue,Yes,742,8677,5582,0
Northern Ireland,N92000002,2021,10,Q4,Mon,Yes,485,440,2625,0
Northern Ireland,N92000002,2021,10,Q4,Sun,No,170,351,1232,1
Northern Ireland,N92000002,2021,10,Q4,Sat,No,59,660,720,1
Northern Ireland,N92000002,2021,10,Q4,Fri,Yes,272,702,1342,1
Northern Ireland,N92000002,2021,10,Q4,Thu,Yes,477,1312,3736,1
Northern Ireland,N92000002,2021,10,Q4,Wed,Yes,303,740,1799,1
Northern Ireland,N92000002,2021,10,Q4,Tue,Yes,400,1085,3308,1
Northern Ireland,N92000002,2021,10,Q4,Mon,Yes,232,862,2818,1
Northern Ireland,N92000002,2021,10,Q4,Sun,No,80,589,1598,1
Northern Ireland,N92000002,2021,10,Q4,Sat,No,55,944,731,0
Northern Ireland,N92000002,2021,10,Q4,Fri,Yes,291,1001,1283,1
Northern Ireland,N92000002,2021,10,Q4,Thu,Yes,388,1253,1575,1
Northern Ireland,N92000002,2021,10,Q4,Wed,Yes,288,847,1710,1
Northern Ireland,N92000002,2021,10,Q4,Tue,Yes,207,1340,1957,1
Northern Ireland,N92000002,2021,10,Q4,Mon,Yes,305,1438,1519,1
Northern Ireland,N92000002,2021,10,Q4,Sun,No,170,1228,1285,1
Northern Ireland,N92000002,2021,10,Q4,Sat,No,117,897,702,0
Northern Ireland,N92000002,2021,10,Q4,,Yes,297,896,752,0
Northern Ireland,N92000002,2021,9,Q3,Thu,Yes,777,864,,0
Scotland,S92000003,2022,5,Q2,Sun,No,959,777,1100,0
Scotland,S92000003,2022,5,Q2,Sat,No,1115,735,950,0
Scotland,S92000003,2022,5,Q2,Fri,Yes,424,546,912,1
Scotland,S92000003,,5,Q2,Thu,Yes,209,436,848,1
Scotland,S92000003,2022,5,Q2,Wed,Yes,256,444,842,1
Scotland,S92000003,2022,5,Q2,Tue,Yes,183,347,776,1
Scotland,S92000003,2022,5,Q2,Mon,Yes,236,430,1007,1
Scotland,S92000003,2022,5,Q2,Sun,No,,587,942,1
Scotland,S92000003,2022,5,Q2,Sat,No,1591,680,897,0
Scotland,S92000003,2022,5,Q2,Fri,Yes,310,521,1083,1
Scotland,S92000003,2022,5,Q2,Thu,,224,403,946,1
Scotland,S92000003,2022,5,Q2,Wed,Yes,358,564,1293,1
Scotland,S92000003,2022,5,Q2,Tue,Yes,270,437,1113,1
Scotland,S92000003,2022,5,Q2,Mon,Yes,315,626,1422,1
Scotland,S92000003,2022,5,Q2,Sun,No,936,1077,866,0
Scotland,S92000003,2022,5,Q2,Sat,No,1911,1533,1102,0
Scotland,S92000003,2022,5,Q2,Fri,Yes,427,675,1278,1
Scotland,S92000003,2022,5,Q2,Thu,Yes,239,518,854,1
Scotland,S92000003,2022,5,Q2,Wed,Yes,335,638,1042,1
Scotland,S92000003,2022,5,Q2,Tue,Yes,380,611,1080,1
Scotland,S92000003,2022,5,Q2,Mon,Yes,154,290,478,1
Scotland,S92000003,2022,5,Q2,Sun,No,1240,515,623,0
Scotland,S92000003,2022,4,Q2,Sat,No,2136,717,883,0
Scotland,S92000003,2022,4,Q2,Fri,Yes,398,737,1134,1
Scotland,S92000003,2022,4,Q2,Thu,Yes,305,554,1065,1
Scotland,S92000003,2022,4,Q2,Wed,Yes,322,545,970,1
Scotland,S92000003,2022,4,Q2,Tue,Yes,355,582,1067,1
Scotland,S92000003,2022,4,Q2,Mon,Yes,427,688,1227,1
Scotland,S92000003,2022,4,Q2,Sun,No,2616,616,758,0
Scotland,S92000003,2022,4,Q2,Sat,No,2977,780,852,0
Scotland,S92000003,2022,4,Q2,Fri,Yes,977,573,1044,0
Scotland,S92000003,2022,4,Q2,Thu,Yes,581,612,1252,1
Scotland,S92000003,2022,4,Q2,Wed,Yes,426,536,1003,1
Scotland,S92000003,2022,4,Q2,Tue,Yes,629,637,1177,1
Scotland,S92000003,2022,4,Q2,Mon,Yes,277,280,414,1
Scotland,S92000003,2022,4,Q2,Sun,No,1007,485,630,0
Scotland,S92000003,2022,4,Q2,Sat,No,1810,791,908,0
Scotland,S92000003,2022,4,Q2,Fri,Yes,337,524,632,1
Scotland,S92000003,2022,4,Q2,Thu,Yes,1104,897,1315,0
Scotland,S92000003,2022,4,Q2,Wed,Yes,1137,855,1297,0
Scotland,S92000003,2022,4,Q2,Tue,Yes,1109,873,1267,0
Scotland,S92000003,2022,4,Q2,Mon,Yes,1310,948,1399,0
Scotland,S92000003,2022,4,Q2,Sun,No,2740,625,719,0
Scotland,S92000003,2022,4,Q2,Sat,No,3204,753,824,0
Scotland,S92000003,2022,4,Q2,Fri,Yes,1943,754,1144,0
Scotland,S92000003,2022,4,Q2,Thu,Yes,1804,780,1029,0
Scotland,S92000003,2022,4,Q2,Wed,Yes,3100,1109,1509,0
Scotland,S92000003,2022,4,Q2,Tue,Yes,1742,586,750,0
Scotland,S92000003,2022,4,Q2,Mon,Yes,2048,637,854,0
Scotland,S92000003,2022,4,Q2,Sun,No,3145,768,746,0
Scotland,S92000003,2022,4,Q2,Sat,No,3323,796,908,0
Scotland,S92000003,2022,4,Q2,Fri,Yes,688,787,1234,1
Scotland,S92000003,2022,3,Q1,Thu,Yes,989,588,1140,0
Scotland,S92000003,2022,3,Q1,Wed,Yes,1022,650,991,0
Scotland,S92000003,2022,3,Q1,Tue,Yes,1084,664,1268,0
Scotland,S92000003,2022,3,Q1,Mon,Yes,1138,705,1326,0
Scotland,S92000003,2022,3,Q1,Sun,No,4196,634,575,0
Scotland,S92000003,2022,3,Q1,Sat,No,4666,848,710,0
Scotland,S92000003,2022,3,Q1,Fri,Yes,1639,735,1284,0
Scotland,S92000003,2022,3,Q1,Thu,Yes,1366,752,1247,0
Scotland,S92000003,2022,3,Q1,Wed,Yes,0,0,786,0
Scotland,S92000003,2022,3,Q1,Tue,Yes,1126,606,1250,0
Scotland,S92000003,2022,3,Q1,Mon,Yes,1269,691,1499,0
Scotland,S92000003,2022,3,Q1,Sun,No,3407,358,611,0
Scotland,S92000003,2022,3,Q1,Sat,No,3628,312,558,0
Scotland,S92000003,2022,3,Q1,Fri,Yes,267,849,1472,1
Scotland,S92000003,2022,3,Q1,Thu,Yes,483,1680,3215,1
Scotland,S92000003,2022,3,Q1,Wed,Yes,0,0,0,0
Scotland,S92000003,2022,3,Q1,Tue,Yes,286,870,1931,1
Scotland,S92000003,2022,3,Q1,Mon,Yes,1480,4514,7428,1
Scotland,S92000003,2022,3,Q1,Sun,No,0,0,0,0
Scotland,S92000003,2022,3,Q1,Sat,No,0,0,0,0
Scotland,S92000003,2022,3,Q1,Fri,Yes,0,0,0,0
Scotland,S92000003,2022,3,Q1,Thu,Yes,244,910,1949,1
Scotland,S92000003,2022,3,Q1,Wed,Yes,301,1033,2150,1
Scotland,S92000003,2022,3,Q1,Tue,Yes,307,1123,2792,1
Scotland,S92000003,2022,3,Q1,Mon,Yes,315,1097,2827,1
Scotland,S92000003,2022,3,Q1,Sun,No,276,714,2491,1
Scotland,S92000003,2022,3,Q1,Sat,No,350,679,2416,1
Scotland,S92000003,2022,3,Q1,Fri,Yes,343,667,2835,1
Scotland,S92000003,2022,3,Q1,Thu,Yes,397,835,3123,1
Scotland,S92000003,2022,3,Q1,Wed,Yes,295,738,3095,1
Scotland,S92000003,2022,3,Q1,Tue,Yes,356,889,3335,1
Scotland,S92000003,2022,2,Q1,Mon,Yes,398,720,3316,1
Scotland,S92000003,2022,2,Q1,Sun,No,551,542,2243,0
Scotland,S92000003,2022,2,Q1,Sat,No,609,688,3568,1
Scotland,S92000003,2022,2,Q1,Fri,Yes,549,1055,5008,1
Scotland,S92000003,2022,2,Q1,Thu,Yes,443,742,3986,1
Scotland,S92000003,2022,2,Q1,Wed,Yes,360,823,5387,1
Scotland,S92000003,2022,2,Q1,Tue,Yes,441,1034,6436,1
Scotland,S92000003,2022,2,Q1,Mon,Yes,594,922,6849,1
Scotland,S92000003,2022,2,Q1,Sun,No,685,973,6518,1
Scotland,S92000003,2022,2,Q1,Sat,No,627,909,6385,1
Scotland,S92000003,2022,2,Q1,Fri,Yes,537,1284,6474,1
Scotland,S92000003,2022,2,Q1,Thu,Yes,738,1319,6202,1
Scotland,S92000003,2022,2,Q1,Wed,Yes,642,1133,5673,1
Scotland,S92000003,2022,2,Q1,Tue,Yes,653,1251,6904,1
Scotland,S92000003,2022,2,Q1,Mon,Yes,663,1023,6875,1
Scotland,S92000003,2022,2,Q1,Sun,No,969,828,3185,0
Scotland,S92000003,2022,2,Q1,Sat,No,958,970,4503,1
Scotland,S92000003,2022,2,Q1,Fri,Yes,812,1262,6728,1
Scotland,S92000003,2022,2,Q1,Thu,Yes,686,833,4863,1
Scotland,S92000003,2022,2,Q1,Wed,Yes,653,984,4013,1
Scotland,S92000003,2022,2,Q1,Tue,Yes,528,887,4071,1
Scotland,S92000003,2022,2,Q1,Mon,Yes,696,1008,4622,1
Scotland,S92000003,2022,2,Q1,Sun,No,1292,988,2560,0
Scotland,S92000003,2022,2,Q1,Sat,No,1694,1145,3192,0
Scotland,S92000003,2022,2,Q1,Fri,Yes,929,1678,3876,1
Scotland,S92000003,2022,2,Q1,Thu,Yes,837,1014,3559,1
Scotland,S92000003,2022,2,Q1,Wed,Yes,862,1275,4396,1
Scotland,S92000003,2022,2,Q1,Tue,Yes,986,1292,3491,1
Scotland,S92000003,2022,1,Q1,Mon,Yes,4470,2296,3679,0
Scotland,S92000003,2022,1,Q1,Sun,No,659,2505,4536,1
Scotland,S92000003,2022,1,Q1,Sat,No,700,2394,4610,1
Scotland,S92000003,2022,1,Q1,Fri,Yes,923,2263,6394,1
Scotland,S92000003,2022,1,Q1,Thu,Yes,833,2258,5043,1
Scotland,S92000003,2022,1,Q1,Wed,Yes,796,2290,5335,1
Scotland,S92000003,2022,1,Q1,Tue,Yes,739,3077,5602,1
Scotland,S92000003,2022,1,Q1,Mon,Yes,560,4012,5908,1
Scotland,S92000003,2022,1,Q1,Sun,No,618,3032,5254,1
Scotland,S92000003,2022,1,Q1,Sat,No,762,3182,6934,1
Scotland,S92000003,2022,1,Q1,Fri,Yes,791,2816,7758,1
Scotland,S92000003,2022,1,Q1,Thu,Yes,1602,4542,7360,1
Scotland,S92000003,2022,1,Q1,Wed,Yes,790,2122,7654,1
Scotland,S92000003,2022,1,Q1,Tue,Yes,842,2316,9051,1
Scotland,S92000003,2022,1,Q1,Mon,Yes,805,2725,9751,1
Scotland,S92000003,2022,1,Q1,Sun,No,1348,10372,8291,0
Scotland,S92000003,2022,1,Q1,Sat,No,969,12612,11320,0
Scotland,S92000003,2022,1,Q1,Fri,Yes,1110,3674,13411,1
Scotland,S92000003,2022,1,Q1,Thu,Yes,1009,3253,12180,1
Scotland,S92000003,2022,1,Q1,Wed,Yes,1037,2854,13572,1
Scotland,S92000003,2022,1,Q1,Tue,Yes,1067,3117,15035,1
Scotland,S92000003,2022,1,Q1,Mon,Yes,995,2979,15437,1
Scotland,S92000003,2022,1,Q1,Sun,No,1136,2989,13969,1
Scotland,S92000003,2022,1,Q1,Sat,No,1482,4117,18865,1
Scotland,S92000003,2022,1,Q1,Fri,Yes,1533,4116,19231,1
Scotland,S92000003,2022,1,Q1,Thu,Yes,1351,3799,21039,1
Scotland,S92000003,2022,1,Q1,Wed,Yes,1965,6757,25763,1
Scotland,S92000003,2022,1,Q1,Tue,Yes,884,4057,10065,1
Scotland,S92000003,2022,1,Q1,Mon,Yes,1131,5770,13550,1
Scotland,S92000003,2022,1,Q1,Sun,No,0,6,7,1
Scotland,S92000003,2022,1,Q1,Sat,No,3,2,0,0
Scotland,S92000003,2021,12,Q4,Fri,Yes,544,1667,13242,1
Scotland,S92000003,2021,12,Q4,Thu,Yes,1439,2886,34357,1
Scotland,S92000003,2021,12,Q4,Wed,Yes,1118,2604,43258,1
Scotland,S92000003,2021,12,Q4,Tue,Yes,648,1664,24851,1
Scotland,S92000003,2021,12,Q4,Mon,Yes,1288,2146,35165,1
Scotland,S92000003,2021,12,Q4,Sun,No,0,0,0,0
Scotland,S92000003,2021,12,Q4,Sat,No,0,0,0,0
Scotland,S92000003,2021,12,Q4,Fri,Yes,0,0,0,0
Scotland,S92000003,2021,12,Q4,Thu,Yes,1170,2699,59241,1
Scotland,S92000003,2021,12,Q4,Wed,Yes,1414,3206,73701,1
Scotland,S92000003,2021,12,Q4,Tue,Yes,1671,2979,78146,1
Scotland,S92000003,2021,12,Q4,Mon,Yes,1788,3550,69135,1
Scotland,S92000003,2021,12,Q4,Sun,No,958,1763,60447,1
Scotland,S92000003,2021,12,Q4,Sat,No,1773,2918,64081,1
Scotland,S92000003,2021,12,Q4,Fri,Yes,1600,2656,59782,1
Scotland,S92000003,2021,12,Q4,Thu,Yes,1359,2330,63327,1
Scotland,S92000003,2021,12,Q4,Wed,Yes,1637,2795,59437,1
Scotland,S92000003,2021,12,Q4,Tue,Yes,1728,2972,54234,1
Scotland,S92000003,2021,12,Q4,Mon,Yes,0,1538,45601,1
Scotland,S92000003,2021,12,Q4,Sun,No,2051,2909,38343,1
Scotland,S92000003,2021,12,Q4,Sat,No,1271,2273,40144,1
Scotland,S92000003,2021,12,Q4,Fri,Yes,1238,1994,36014,1
Scotland,S92000003,2021,12,Q4,Thu,Yes,1234,2017,39155,1
Scotland,S92000003,2021,12,Q4,Wed,Yes,1158,2040,39327,1
Scotland,S92000003,2021,12,Q4,Tue,Yes,2504,3234,38984,1
Scotland,S92000003,2021,12,Q4,Mon,Yes,999,1522,33319,1
Scotland,S92000003,2021,12,Q4,Sun,No,1960,2519,29550,1
Scotland,S92000003,2021,12,Q4,Sat,No,890,1443,36220,1
Scotland,S92000003,2021,12,Q4,Fri,Yes,1081,1727,32787,1
Scotland,S92000003,2021,12,Q4,Thu,Yes,1075,1822,35034,1
Scotland,S92000003,2021,12,Q4,Wed,Yes,1178,1806,33469,1
Scotland,S92000003,2021,11,Q4,Tue,Yes,1144,1628,34433,1
Scotland,S92000003,2021,11,Q4,Mon,Yes,881,1253,28328,1
Scotland,S92000003,2021,11,Q4,Sun,No,870,1969,29892,1
Scotland,S92000003,2021,11,Q4,Sat,No,942,1063,30823,1
Scotland,S92000003,2021,11,Q4,Fri,Yes,835,1226,30214,1
Scotland,S92000003,2021,11,Q4,Thu,Yes,1101,1298,32912,1
Scotland,S92000003,2021,11,Q4,Wed,Yes,883,1212,33357,1
Scotland,S92000003,2021,11,Q4,Tue,Yes,1062,1401,32843,1
Scotland,S92000003,2021,11,Q4,Mon,Yes,885,1186,31600,1
Scotland,S92000003,2021,11,Q4,Sun,No,955,1179,29258,1
Scotland,S92000003,2021,11,Q4,Sat,No,1233,1355,32786,1
Scotland,S92000003,2021,11,Q4,Fri,Yes,1208,1499,32938,1
Scotland,S92000003,2021,11,Q4,Thu,Yes,1535,1602,35570,1
Scotland,S92000003,2021,11,Q4,Wed,Yes,1511,1784,37261,1
Scotland,S92000003,2021,11,Q4,Tue,Yes,1261,1392,32634,1
Scotland,S92000003,2021,11,Q4,Mon,Yes,1253,1305,28989,1
Scotland,S92000003,2021,11,Q4,Sun,No,2981,4142,24618,1
Scotland,S92000003,2021,11,Q4,Sat,No,703,565,31886,0
Scotland,S92000003,2021,11,Q4,Fri,Yes,1114,1412,31618,1
Scotland,S92000003,2021,11,Q4,Thu,Yes,0,922,35374,1
Scotland,S92000003,2021,11,Q4,Wed,Yes,1085,1965,34292,1
Scotland,S92000003,2021,11,Q4,Tue,Yes,867,1478,33240,1
Scotland,S92000003,2021,11,Q4,Mon,Yes,891,1318,30618,1
Scotland,S92000003,2021,11,Q4,Sun,No,1392,2094,28796,1
Scotland,S92000003,2021,11,Q4,Sat,No,807,719,32484,0
Scotland,S92000003,2021,11,Q4,Fri,Yes,1473,1879,33243,1
Scotland,S92000003,2021,11,Q4,Thu,Yes,1087,1413,33572,1
Scotland,S92000003,2021,11,Q4,Wed,Yes,0,0,66291,0
Scotland,S92000003,2021,11,Q4,Tue,Yes,1400,1570,24952,1
Scotland,S92000003,2021,11,Q4,Mon,Yes,1587,2009,22841,1
Scotland,S92000003,2021,10,Q4,Sun,No,1182,1188,23308,1
Scotland,S92000003,2021,10,Q4,Sat,No,1799,1879,28907,1
Scotland,S92000003,2021,10,Q4,Fri,Yes,1658,1878,28876,1
Scotland,S92000003,2021,10,Q4,Thu,Yes,1940,2872,29749,1
Scotland,S92000003,2021,10,Q4,Wed,Yes,865,1274,31667,1
Scotland,S92000003,2021,10,Q4,Tue,Yes,1407,2020,28844,1
Scotland,S92000003,2021,10,Q4,Mon,Yes,1561,1894,28618,1
Scotland,S92000003,2021,10,Q4,Sun,No,2789,3015,23238,1
Scotland,S92000003,2021,10,Q4,Sat,No,3200,1747,32201,0
Scotland,S92000003,2021,10,Q4,Fri,Yes,2733,2069,28310,0
Scotland,S92000003,2021,10,Q4,Thu,Yes,2621,2232,29788,0
Scotland,S92000003,2021,10,Q4,Wed,Yes,2912,2290,29264,0
Scotland,S92000003,2021,10,Q4,Tue,Yes,2466,2142,27485,0
Scotland,S92000003,2021,10,Q4,Mon,Yes,2531,1802,25284,0
Scotland,S92000003,2021,10,Q4,Sun,No,3075,2093,17492,0
Scotland,S92000003,2021,10,Q4,Sat,No,3912,1883,19750,0
Scotland,S92000003,2021,10,Q4,Fri,Yes,3195,2176,21461,0
Scotland,S92000003,2021,10,Q4,Thu,Yes,3729,2384,20994,0
Scotland,S92000003,2021,10,Q4,Wed,Yes,5082,2750,,0
Wales,W92000004,2022,5,Q2,Wed,Yes,111,149,547,1
Wales,W92000004,2022,5,Q2,Tue,Yes,389,162,439,0
Wales,W92000004,2022,5,Q2,Mon,Yes,182,194,658,1
Wales,W92000004,2022,5,Q2,Sun,No,289,256,324,0
Wales,W92000004,2022,5,Q2,Sat,No,1329,292,235,0
Wales,W92000004,2022,5,Q2,Fri,Yes,376,131,585,0
Wales,W92000004,2022,5,Q2,Thu,Yes,377,383,762,1
Wales,W92000004,2022,5,Q2,Wed,Yes,417,250,754,0
Wales,W92000004,2022,5,Q2,Tue,Yes,734,229,445,0
Wales,W92000004,2022,5,Q2,Mon,Yes,433,227,561,0
Wales,W92000004,2022,5,Q2,Sun,No,513,202,355,0
Wales,W92000004,2022,5,Q2,Sat,No,1645,309,388,0
Wales,W92000004,2022,5,Q2,Fri,Yes,355,185,628,0
Wales,W92000004,2022,5,Q2,Thu,Yes,379,554,815,1
Wales,W92000004,2022,5,Q2,Wed,Yes,265,248,844,0
Wales,W92000004,2022,5,Q2,Tue,Yes,872,383,857,0
Wales,W92000004,2022,5,Q2,Mon,Yes,421,52,121,0
Wales,W92000004,2022,5,Q2,Sun,No,359,157,337,0
Wales,W92000004,2022,4,Q2,Sat,No,609,462,411,0
Wales,W92000004,2022,4,Q2,Fri,Yes,427,259,814,0
Wales,W92000004,2022,4,Q2,Thu,Yes,1682,1753,1538,0
Wales,W92000004,2022,4,Q2,Wed,Yes,287,258,761,0
Wales,W92000004,2022,4,Q2,Tue,Yes,851,374,694,0
Wales,W92000004,2022,4,Q2,Mon,Yes,571,383,847,0
Wales,W92000004,2022,4,Q2,Sun,No,482,256,626,0
Wales,W92000004,2022,4,Q2,Sat,No,1033,343,646,0
Wales,W92000004,2022,4,Q2,Fri,Yes,680,456,937,0
Wales,W92000004,2022,4,Q2,Thu,Yes,777,664,1522,0
Wales,W92000004,2022,4,Q2,Wed,Yes,504,451,1126,0
Wales,W92000004,2022,4,Q2,Tue,Yes,841,636,1083,0
Wales,W92000004,2022,4,Q2,Mon,Yes,12,27,53,1
Wales,W92000004,2022,4,Q2,Sun,No,6,32,46,1
Wales,W92000004,2022,4,Q2,Sat,No,242,122,180,0
Wales,W92000004,2022,4,Q2,Fri,Yes,295,123,186,0
Wales,W92000004,2022,4,Q2,Thu,Yes,668,767,1079,1
Wales,W92000004,2022,4,Q2,Wed,Yes,528,296,979,0
Wales,W92000004,2022,4,Q2,Tue,Yes,588,450,808,0
Wales,W92000004,2022,4,Q2,Mon,Yes,589,414,1008,0
Wales,W92000004,2022,4,Q2,Sun,No,1148,292,567,0
Wales,W92000004,2022,4,Q2,Sat,No,1646,576,631,0
Wales,W92000004,2022,4,Q2,Fri,Yes,411,367,1071,0
Wales,W92000004,2022,4,Q2,Thu,Yes,446,744,907,1
Wales,W92000004,2022,4,Q2,Wed,Yes,355,283,843,0
Wales,W92000004,2022,4,Q2,Tue,Yes,661,303,773,0
Wales,W92000004,2022,4,Q2,Mon,Yes,457,326,677,0
Wales,W92000004,2022,4,Q2,Sun,No,776,321,325,0
Wales,W92000004,2022,4,Q2,Sat,No,1447,532,527,0
Wales,W92000004,2022,4,Q2,Fri,Yes,370,513,1001,1
Wales,W92000004,2022,3,Q1,Thu,Yes,419,828,1169,1
Wales,W92000004,2022,3,Q1,Wed,Yes,889,351,1042,0
Wales,W92000004,2022,3,Q1,Tue,Yes,194,404,826,1
Wales,W92000004,2022,3,Q1,Mon,Yes,613,665,976,1
Wales,W92000004,2022,3,Q1,Sun,No,867,354,256,0
Wales,W92000004,2022,3,Q1,Sat,No,84,225,99,0
Wales,W92000004,2022,3,Q1,Fri,Yes,268,420,1415,1
Wales,W92000004,2022,3,Q1,Thu,Yes,209,273,1274,1
Wales,W92000004,2022,3,Q1,Wed,Yes,280,315,1137,1
Wales,W92000004,2022,3,Q1,Tue,Yes,321,334,877,1
Wales,W92000004,2022,3,Q1,Mon,Yes,254,377,894,1
Wales,W92000004,2022,3,Q1,Sun,No,603,390,581,0
Wales,W92000004,2022,3,Q1,Sat,No,418,465,562,1
Wales,W92000004,2022,3,Q1,Fri,Yes,385,356,1631,0
Wales,W92000004,2022,3,Q1,Thu,Yes,186,553,1352,1
Wales,W92000004,2022,3,Q1,Wed,Yes,246,436,1646,1
Wales,W92000004,2022,3,Q1,Tue,Yes,110,385,1482,1
Wales,W92000004,2022,3,Q1,Mon,Yes,171,365,1094,1
Wales,W92000004,2022,3,Q1,Sun,No,227,631,1043,1
Wales,W92000004,2022,3,Q1,Sat,No,368,527,944,1
Wales,W92000004,2022,3,Q1,Fri,Yes,246,490,1703,1
Wales,W92000004,2022,3,Q1,Thu,Yes,247,424,1619,1
Wales,W92000004,2022,3,Q1,Wed,Yes,250,731,1843,1
Wales,W92000004,2022,3,Q1,Tue,Yes,215,768,1731,1
Wales,W92000004,2022,3,Q1,Mon,Yes,211,502,1289,1
Wales,W92000004,2022,3,Q1,Sun,No,150,513,1224,1
Wales,W92000004,2022,3,Q1,Sat,No,205,783,1431,1
Wales,W92000004,2022,3,Q1,Fri,Yes,229,494,1780,1
Wales,W92000004,2022,3,Q1,Thu,Yes,190,424,1376,1
Wales,W92000004,2022,3,Q1,Wed,Yes,166,476,1921,1
Wales,W92000004,2022,3,Q1,Tue,Yes,179,489,2414,1
Wales,W92000004,2022,2,Q1,Mon,Yes,194,376,2122,1
Wales,W92000004,2022,2,Q1,Sun,No,194,467,915,1
Wales,W92000004,2022,2,Q1,Sat,No,434,819,931,1
Wales,W92000004,2022,2,Q1,Fri,Yes,354,534,1906,1
Wales,W92000004,2022,2,Q1,Thu,Yes,389,575,1274,1
Wales,W92000004,2022,2,Q1,Wed,Yes,448,598,1799,1
Wales,W92000004,2022,2,Q1,Tue,Yes,298,529,1488,1
Wales,W92000004,2022,2,Q1,Mon,Yes,361,514,2060,1
Wales,W92000004,2022,2,Q1,Sun,No,244,552,594,1
Wales,W92000004,2022,2,Q1,Sat,No,287,1244,1634,1
Wales,W92000004,2022,2,Q1,Fri,Yes,20,163,543,1
Wales,W92000004,2022,2,Q1,Thu,Yes,234,588,2135,1
Wales,W92000004,2022,2,Q1,Wed,Yes,228,493,2001,1
Wales,W92000004,2022,2,Q1,Tue,Yes,198,545,24979,1
Wales,W92000004,2022,2,Q1,Mon,Yes,222,415,1496,1
Wales,W92000004,2022,2,Q1,Sun,No,447,1250,762,0
Wales,W92000004,2022,2,Q1,Sat,No,400,1087,1249,1
Wales,W92000004,2022,2,Q1,Fri,Yes,277,478,2605,1
Wales,W92000004,2022,2,Q1,Thu,Yes,454,817,2522,1
Wales,W92000004,2022,2,Q1,Wed,Yes,339,434,2717,1
Wales,W92000004,2022,2,Q1,Tue,Yes,366,447,2347,1
Wales,W92000004,2022,2,Q1,Mon,Yes,297,336,2246,1
Wales,W92000004,2022,2,Q1,Sun,No,595,1096,1234,1
Wales,W92000004,2022,2,Q1,Sat,No,865,1047,1360,1
Wales,W92000004,2022,2,Q1,Fri,Yes,401,615,2427,1
Wales,W92000004,2022,2,Q1,Thu,Yes,526,625,3322,1
Wales,W92000004,2022,2,Q1,Wed,Yes,352,529,3128,1
Wales,W92000004,2022,2,Q1,Tue,Yes,409,635,3151,1
Wales,W92000004,2022,1,Q1,Mon,Yes,418,842,2660,1
Wales,W92000004,2022,1,Q1,Sun,No,735,1946,1696,0
Wales,W92000004,2022,1,Q1,Sat,No,1294,2852,1706,0
Wales,W92000004,2022,1,Q1,Fri,Yes,579,971,4299,1
Wales,W92000004,2022,1,Q1,Thu,Yes,488,715,3057,1
Wales,W92000004,2022,1,Q1,Wed,Yes,464,721,3001,1
Wales,W92000004,2022,1,Q1,Tue,Yes,632,984,2445,1
Wales,W92000004,2022,1,Q1,Mon,Yes,307,1186,3061,1
Wales,W92000004,2022,1,Q1,Sun,No,732,2659,4636,1
Wales,W92000004,2022,1,Q1,Sat,No,948,5292,4428,0
Wales,W92000004,2022,1,Q1,Fri,Yes,255,722,3828,1
Wales,W92000004,2022,1,Q1,Thu,Yes,534,1506,4864,1
Wales,W92000004,2022,1,Q1,Wed,Yes,568,1421,4110,1
Wales,W92000004,2022,1,Q1,Tue,Yes,684,1470,4406,1
Wales,W92000004,2022,1,Q1,Mon,Yes,547,1325,4774,1
Wales,W92000004,2022,1,Q1,Sun,No,642,2140,5569,1
Wales,W92000004,2022,1,Q1,Sat,No,560,5729,4849,0
Wales,W92000004,2022,1,Q1,Fri,Yes,794,1791,7660,1
Wales,W92000004,2022,1,Q1,Thu,Yes,629,1760,6865,1
Wales,W92000004,2022,1,Q1,Wed,Yes,706,1972,8713,1
Wales,W92000004,2022,1,Q1,Tue,Yes,759,2069,9800,1
Wales,W92000004,2022,1,Q1,Mon,Yes,776,1905,11083,1
Wales,W92000004,2022,1,Q1,Sun,No,723,2226,10761,1
Wales,W92000004,2022,1,Q1,Sat,No,976,6247,9464,1
Wales,W92000004,2022,1,Q1,Fri,Yes,896,3172,13719,1
Wales,W92000004,2022,1,Q1,Thu,Yes,785,3461,13202,1
Wales,W92000004,2022,1,Q1,Wed,Yes,1062,3327,15509,1
Wales,W92000004,2022,1,Q1,Tue,Yes,1155,3165,18451,1
Wales,W92000004,2022,1,Q1,Mon,Yes,366,938,6246,1
Wales,W92000004,2022,1,Q1,Sun,No,328,592,4826,1
Wales,W92000004,2022,1,Q1,Sat,No,0,4,18,1
Wales,W92000004,2021,12,Q4,Fri,,368,976,11845,1
Wales,W92000004,2021,12,Q4,Thu,Yes,864,970,31690,1
Wales,W92000004,2021,12,Q4,Wed,Yes,985,1258,35670,1
Wales,W92000004,2021,12,Q4,Tue,Yes,813,812,34060,0
Wales,W92000004,2021,12,Q4,Mon,Yes,546,2595,22617,1
Wales,W92000004,2021,12,Q4,Sun,No,,,,0
Wales,W92000004,2021,12,Q4,Sat,No,,,,0
Wales,W92000004,2021,12,Q4,Fri,Yes,278,405,12957,1
Wales,W92000004,2021,12,Q4,Thu,Yes,900,1541,38339,1
Wales,W92000004,2021,12,Q4,Wed,Yes,1098,1771,46640,1
Wales,W92000004,2021,12,Q4,Tue,Yes,1183,1585,50524,1
Wales,W92000004,2021,12,Q4,Mon,Yes,800,1610,46035,1
Wales,W92000004,2021,12,Q4,Sun,No,1339,1395,45066,1
Wales,W92000004,2021,12,Q4,Sat,No,837,1299,36008,1
Wales,W92000004,2021,12,Q4,Fri,Yes,791,1065,34896,1
Wales,W92000004,2021,12,Q4,Thu,Yes,782,1191,34012,1
Wales,W92000004,2021,12,Q4,Wed,Yes,707,1414,31211,1
Wales,W92000004,2021,12,Q4,Tue,Yes,579,951,31916,1
Wales,W92000004,2021,12,Q4,Mon,Yes,573,1259,26676,1
Wales,W92000004,2021,12,Q4,Sun,No,1133,1795,17173,1
Wales,W92000004,2021,12,Q4,Sat,No,913,2111,20167,1
Wales,W92000004,2021,12,Q4,Fri,Yes,427,827,19201,1
Wales,W92000004,2021,12,Q4,Thu,Yes,513,994,20937,1
Wales,W92000004,2021,12,Q4,Wed,Yes,579,1237,20314,1
Wales,W92000004,2021,12,Q4,Tue,Yes,433,1041,19366,1
Wales,W92000004,2021,12,Q4,Mon,Yes,413,817,17666,1
Wales,W92000004,2021,12,Q4,Sun,No,833,1560,17095,1
Wales,W92000004,2021,12,Q4,Sat,No,1235,2079,15641,1
Wales,W92000004,2021,12,Q4,Fri,Yes,436,866,16421,1
Wales,W92000004,2021,12,Q4,Thu,Yes,428,840,18019,1
Wales,W92000004,2021,12,Q4,Wed,Yes,588,1218,17228,1
Wales,W92000004,2021,11,Q4,Tue,Yes,483,1302,17151,1
Wales,W92000004,2021,11,Q4,Mon,Yes,399,934,15692,1
Wales,W92000004,2021,11,Q4,Sun,No,507,1175,15055,1
Wales,W92000004,2021,11,Q4,Sat,No,1504,1187,14631,0
Wales,W92000004,2021,11,Q4,Fri,Yes,381,516,15567,1
Wales,W92000004,2021,11,Q4,Thu,Yes,381,624,15401,1
Wales,W92000004,2021,11,Q4,Wed,Yes,379,863,14960,1
Wales,W92000004,2021,11,Q4,Tue,Yes,604,866,14916,1
Wales,W92000004,2021,11,Q4,Mon,Yes,358,620,12055,1
Wales,W92000004,2021,11,Q4,Sun,No,845,733,12697,0
Wales,W92000004,2021,11,Q4,Sat,No,1019,812,12984,0
Wales,W92000004,2021,11,Q4,Fri,Yes,481,683,15639,1
Wales,W92000004,2021,11,Q4,Thu,Yes,838,679,17493,0
Wales,W92000004,2021,11,Q4,Wed,Yes,489,598,14932,1
Wales,W92000004,2021,11,Q4,Tue,Yes,966,689,16890,0
Wales,W92000004,2021,11,Q4,Mon,Yes,888,361,11779,0
Wales,W92000004,2021,11,Q4,Sun,No,637,410,10817,0
Wales,W92000004,2021,11,Q4,Sat,No,1721,657,13315,0
Wales,W92000004,2021,11,Q4,Fri,Yes,780,741,16831,0
Wales,W92000004,2021,11,Q4,Thu,Yes,554,671,16950,1
Wales,W92000004,2021,11,Q4,Wed,Yes,742,721,17086,0
Wales,W92000004,2021,11,Q4,Tue,Yes,,634,16022,1
Wales,W92000004,2021,11,Q4,Mon,Yes,918,514,14218,0
Wales,W92000004,2021,11,Q4,Sun,No,1127,514,9930,0
Wales,W92000004,2021,11,Q4,Sat,No,1703,548,13219,0
Wales,W92000004,2021,11,Q4,Fri,Yes,776,728,16736,0
Wales,W92000004,2021,11,Q4,Thu,Yes,675,655,16504,0
Wales,W92000004,2021,11,,Wed,Yes,720,762,15338,1
Wales,W92000004,2021,11,Q4,Tue,Yes,1054,693,16722,0
Wales,W92000004,2021,11,Q4,Mon,Yes,992,610,13734,0
Wales,W92000004,2021,10,Q4,Sun,No,2661,362,6556,0
Wales,W92000004,2021,10,Q4,Sat,No,2289,493,10986,0
Wales,W92000004,2021,10,Q4,Fri,Yes,1781,553,14443,0
Wales,W92000004,2021,10,Q4,Thu,Yes,1612,531,14854,0
Wales,W92000004,2021,10,Q4,Wed,Yes,1699,700,14481,0
Wales,W92000004,2021,10,Q4,Tue,Yes,2440,677,12313,0
Wales,W92000004,2021,10,Q4,Mon,Yes,3266,528,22390,0
Wales,W92000004,2021,10,Q4,Sun,No,2831,322,6546,0
Wales,W92000004,2021,10,Q4,Sat,No,3921,439,10787,0
Wales,W92000004,2021,10,Q4,Fri,Yes,1238,717,18583,0
Wales,W92000004,2021,10,Q4,Thu,Yes,1142,696,,0
